Mooring OOIBARCODE,Ref Des,Serial Number,Deployment Number,Anchor Launch Date,Anchor Launch Time,Recover Date,Latitude,Longitude,Water Depth,Cruise Number,Notes,Lat,Lon,filename
A00227,CE01ISSM,CE01ISSM-00001,1.0,2014-04-17,20:53:00,2014-10-10 00:00:00,44° 39.497' N,124° 5.736' W,25.0,EA01,NaN,44.6582833333,-124.0956,Omaha_Cal_Info_CE01ISSM_00001.xlsx
A01158,CE01ISSM,CE01ISSM-00002,2.0,2014-10-10,17:42:00,2015-06-02 00:00:00,44° 39.5' N,124° 5.75' W,25.0,EA02,NaN,NaN,NaN,Omaha_Cal_Info_CE01ISSM_00002.xlsx
N00260,CE01ISSM,CE01ISSM-00003,3.0,2015-06-03,17:22:00,2015-10-07 00:00:00,44° 39.5' N,124° 5.716' W,25.0,PS1506A,NaN,NaN,NaN,Omaha_Cal_Info_CE01ISSM_00003.xlsx
N00261,CE01ISSM,CE01ISSM-00004,4.0,2015-10-08,19:03:00,2016-05-10 00:00:00,44° 39.6062' N,124° 5.7494' W,25.0,OC1510A,NaN,NaN,NaN,Omaha_Cal_Info_CE01ISSM_00004.xlsx
OL000291,CE01ISSM,CE01ISSM-00005,5.0,2016-05-18,15:44:00,NaN,44.658276,-124.095248,24.0,TN342,NaN,NaN,NaN,Omaha_Cal_Info_CE01ISSM_00005.xlsx
N00262,CE01ISSP,CE01ISSP-00001,1.0,2014-04-17,22:20:00,2014-05-28 00:00:00,44° 39.504' N,124° 05.890' W,25.0,EA01,NaN,NaN,NaN,Omaha_Cal_Info_CE01ISSP_00001.xlsx
N00263,CE01ISSP,CE01ISSP-00002,2.0,2015-06-23,21:41:00,2015-07-06 00:00:00,44° 39.8492' N,124° 05.740' W,25.0,Elakha,NaN,NaN,NaN,Omaha_Cal_Info_CE01ISSP_00002.xlsx
N00264,CE01ISSP,CE01ISSP-00003,3.0,2015-07-17,19:04:00,2015-08-13 00:00:00,44° 38.8968'N,124° 5.88720'W,25.0,Elakha,NaN,NaN,NaN,Omaha_Cal_Info_CE01ISSP_00003.xlsx
N00265,CE01ISSP,CE01ISSP-00004,4.0,2015-08-14,22:20:00,2015-10-15 00:00:00,44° 39.3612'N,124° 5.7144'W,25.0,EA01,NaN,NaN,NaN,Omaha_Cal_Info_CE01ISSP_00004.xlsx
OL000329,CE01ISSP,CE01ISSP-00005,5.0,2016-06-16,16:47:00,NaN,44.65905,-124.09755,25.0,Pacific Storm,NaN,NaN,NaN,Omaha_Cal_Info_CE01ISSP_00005.xlsx
ATAPL-65244-030-0025,CE02SHBP-MJ01C,SN0025,1.0,2014-09-10,14:39:00,2015-08-01 00:00:00,44° 38.2380' N,124° 18.3354' W,80.0,TN-313,NaN,NaN,NaN,Omaha_Cal_Info_CE02SHBP.xlsx
N00211,CE02SHSM,CE02SHSM-00001,1.0,2015-04-02,20:29:00,2015-10-07 00:00:00,44° 38.30' N,124° 18.233' W,80.0,OC1503D,NaN,NaN,NaN,Omaha_Cal_Info_CE02SHSM_00001.xlsx
N00266,CE02SHSM,CE02SHSM-00002,2.0,2015-10-07,21:10:00,2016-05-16 00:00:00,44° 38.1226' N,124° 18.1512' W,82.0,OC1510A,NaN,NaN,NaN,Omaha_Cal_Info_CE02SHSM_00002.xlsx
OL000316,CE02SHSM,CE02SHSM-00003,3.0,2016-05-17,21:23:00,NaN,44.635654,-124.304267,80.0,TN342,NaN,NaN,NaN,Omaha_Cal_Info_CE02SHSM_00003.xlsx
N00285,CE02SHSP,CE02SHSP-00001,1.0,2015-03-18,19:20:00,2015-04-02 00:00:00,44° 38.346' N,124° 18.026' W,80.0,Elakha,NaN,NaN,NaN,Omaha_Cal_Info_CE02SHSP_00001.xlsx
N00286,CE02SHSP,CE02SHSP-00002,2.0,2015-03-18,20:15:00,2015-04-30 00:00:00,44° 38.1516' N,124° 17.9292 'W,80.0,Elakha,NaN,NaN,NaN,Omaha_Cal_Info_CE02SHSP_00002.xlsx
ATAPL-65291-030-0045,CE04OSBP-LV01C,SN0045,1.0,2014-09-06,23:32:00,NaN,44° 22.1538'N,124° 57.2424'W,581.0,TN-313,This Node Did not Change,NaN,NaN,Omaha_Cal_Info_CE04OSBP.xlsx
ATAPL-71403-00004,CE04OSPD-DP01B,CE04OSPD-DP01B-00001,1.0,2014-08-16,23:30:00,2015-07-23 00:00:00,44° 22.0986'N,124° 57.1656'W,582.0,TN-313,profiler stopped working after docking station overcurrent,NaN,NaN,Omaha_Cal_Info_CE04OSPD.xlsx
ATAPL-69839-002-0102,CE04OSPS-PC01B,SN0102,1.0,2014-08-30,09:16:00,2015-08-02 00:00:00,44° 22.4484'N,124° 57.3918'W,195.0,TN-313,NaN,NaN,NaN,Omaha_Cal_Info_CE04OSPS.xlsx
N00212,CE04OSSM,CE04OSSM-00001,1.0,2015-04-07,23:06:00,2016-05-09 00:00:00,44° 22.002' N,124° 56.671' W,587.0,OC1503D,NaN,NaN,NaN,Omaha_Cal_Info_CE04OSSM_00001.xlsx
OL000385,CE04OSSM,CE04OSSM-00002,2.0,2016-05-16,04:48:00,NaN,44.36485,-124.94343,587.0,TN342,NaN,NaN,NaN,Omaha_Cal_Info_CE04OSSM_00002.xlsx
A00045,CE05MOAS-GL247,247,1.0,2014-10-06,22:45:00,2014-12-06 00:00:00,44°22.222' N,124°57.003' W,0.0,Oceanus,NaN,NaN,NaN,Omaha_Cal_Info_CE05MOAS-GL247_00001.xlsx
A00078,CE05MOAS-GL311,311,1.0,2014-10-06,22:45:00,2014-12-06 00:00:00,44°22.222' N,124°57.003' W,0.0,Oceanus,NaN,NaN,NaN,Omaha_Cal_Info_CE05MOAS-GL311_00001.xlsx
A00078,CE05MOAS-GL311,311,2.0,2016-01-22,20:45:00,NaN,44°39.548'N,124°17.582'W,0.0,Oceanus,NaN,NaN,NaN,Omaha_Cal_Info_CE05MOAS-GL311_00002.xlsx
A00079,CE05MOAS-GL312,312,1.0,2014-04-21,00:11:00,2014-07-15 00:00:00,44°39.614' N,124°32.929' W,0.0,Oceanus,NaN,NaN,NaN,Omaha_Cal_Info_CE05MOAS-GL312_00001.xlsx
A00079,CE05MOAS-GL312,312,2.0,2015-06-03,22:07:00,2015-07-01 00:00:00,44°38.9085' N,124°18.157' W,0.0,Oceanus,"intial filenames ""ce_312_2015_153_2_0""",NaN,NaN,Omaha_Cal_Info_CE05MOAS-GL312_00002.xlsx
A00079,CE05MOAS-GL312,312,3.0,2016-01-22,21:40:00,NaN,44°39.209'N,124°17.398'W,0.0,Oceanus,"intial filenames ""ce_312_2015_153_2_0""",NaN,NaN,Omaha_Cal_Info_CE05MOAS-GL312_00003.xlsx
A00101,CE05MOAS-GL319,319,1.0,2014-04-20,18:26:00,2014-05-28 00:00:00,44°42.979' N,124°32.0615' W,0.0,Oceanus,NaN,NaN,NaN,Omaha_Cal_Info_CE05MOAS-GL319_00001.xlsx
A00101,CE05MOAS-GL319,319,3.0,2015-10-08,22:55:00,2015-11-22 00:00:00,44°38.208' N,124°18.554' W,0.0,Oceanus,"initial filenames ""ce_319_2015-281-0-0""",NaN,NaN,Omaha_Cal_Info_CE05MOAS-GL319_00003.xlsx
A00102,CE05MOAS-GL320,320,1.0,2014-10-07,01:14:00,2014-12-29 00:00:00,44°22.401' N,124°57.013' W,0.0,Oceanus,NaN,NaN,NaN,Omaha_Cal_Info_CE05MOAS-GL320_00001.xlsx
A00158,CE05MOAS-GL326,326,1.0,2015-04-10,19:42:00,2015-07-09 00:00:00,47°08.200' N,124°16.457' W,0.0,Oceanus,NaN,NaN,NaN,Omaha_Cal_Info_CE05MOAS-GL326_00001.xlsx
A00158,CE05MOAS-GL326,326,2.0,2015-10-15,19:08:00,2015-11-10 00:00:00,46°50.912' N,124°57.679' W,0.0,Oceanus,"initial filenames ""ce_326_2015_287_3_0""",NaN,NaN,Omaha_Cal_Info_CE05MOAS-GL326_00002.xlsx
A00158,CE05MOAS-GL326,326,3.0,2016-02-17,16:55:00,NaN,43°45.645'N,124°16.796'W,0.0,Oceanus,NaN,NaN,NaN,Omaha_Cal_Info_CE05MOAS-GL326_00003.xlsx
A00159,CE05MOAS-GL327,327,1.0,2015-06-03,00:00:00,NaN,47°08.200' N,124°16.457' W,0.0,Oceanus,NaN,NaN,NaN,Omaha_Cal_Info_CE05MOAS-GL327_00001.xlsx
A00159,CE05MOAS-GL327,327,2.0,2015-10-15,17:01:00,2015-12-19 00:00:00,46°51.351' N,124°57.896' W,0.0,Oceanus,"initial filenames ""ce_327_2015_287_4_0""",NaN,NaN,Omaha_Cal_Info_CE05MOAS-GL327_00002.xlsx
A00393,CE05MOAS-GL381,381,1.0,2014-10-08,20:18:00,2015-01-03 00:00:00,44°22.222' N,124°57.003' W,0.0,Oceanus,NaN,NaN,NaN,Omaha_Cal_Info_CE05MOAS-GL381_00001.xlsx
A00394,CE05MOAS-GL382,382,1.0,2015-01-21,22:02:00,2015-04-29 00:00:00,44°40.504' N,124°18.421' W,0.0,Pacific Storm,NaN,NaN,NaN,Omaha_Cal_Info_CE05MOAS-GL382_00001.xlsx
A00471,CE05MOAS-GL383,383,1.0,2015-01-21,20:28:00,2015-03-13 00:00:00,44°40.556' N,124°18.146' W,0.0,Pacific Storm,NaN,NaN,NaN,Omaha_Cal_Info_CE05MOAS-GL383_00001.xlsx
A00471,CE05MOAS-GL383,383,2.0,2015-08-13,21:09:00,2015-11-25 00:00:00,44°40.678' N,124°10.228' W,0.0,Pacific Storm,ce_383_2015_224_3_0,NaN,NaN,Omaha_Cal_Info_CE05MOAS-GL383_00002.xlsx
A00801,CE05MOAS-GL384,384,1.0,2015-04-11,18:07:00,2015-07-08 00:00:00,44°22.341' N,124°56.067' W,0.0,Oceanus,NaN,NaN,NaN,Omaha_Cal_Info_CE05MOAS-GL384_00001.xlsx
A00801,CE05MOAS-GL384,384,2.0,2015-08-21,21:38:00,2015-11-22 00:00:00,47°00.880' N,124°26.759' W,0.0,Oceanus,"initial filenames ""ce_384_2015_232_5_0""",NaN,NaN,Omaha_Cal_Info_CE05MOAS-GL384_00002.xlsx
A00473,CE05MOAS-GL386,386,1.0,2014-04-20,20:17:00,2014-07-21 00:00:00,44°39.111' N,124°33.140' W,0.0,Oceanus,NaN,NaN,NaN,Omaha_Cal_Info_CE05MOAS-GL386_00001.xlsx
A00473,CE05MOAS-GL386,386,2.0,2015-04-04,17:29:00,2015-07-09 00:00:00,46°51.423' N,124°57.871' W,0.0,Oceanus,NaN,NaN,NaN,Omaha_Cal_Info_CE05MOAS-GL386_00002.xlsx
A00473,CE05MOAS-GL386,386,3.0,2015-10-15,22:47:00,2015-11-22 00:00:00,46°39.359' N,124°05.684' W,0.0,Oceanus,"intial filenames ""ce_386_2015_283_3_0""",NaN,NaN,Omaha_Cal_Info_CE05MOAS-GL386_00003.xlsx
A00226,CE06ISSM,CE06ISSM-00001,1.0,2014-10-07,19:56:00,2015-04-10 00:00:00,47° 7.000' N,124° 16.05' W,30.0,EA02,NaN,NaN,NaN,Omaha_Cal_Info_CE06ISSM_00001.xlsx
A01159,CE06ISSM,CE06ISSM-00002,2.0,2015-04-10,04:30:00,2015-10-13 00:00:00,47° 7.8667' N,124° 16.3167' W,29.0,OC1503D,NaN,NaN,NaN,Omaha_Cal_Info_CE06ISSM_00002.xlsx
N00267,CE06ISSM,CE06ISSM-00003,3.0,2015-10-13,22:54:00,2016-05-06 00:00:00,47° 7.9960' N,124° 16.2550' W,29.0,OC1510A,NaN,NaN,NaN,Omaha_Cal_Info_CE06ISSM_00003.xlsx
OL000397,CE06ISSM,CE06ISSM-00004,4.0,2016-05-06,02:24:00,NaN,47.134976,-124.273154,29.0,TN342,NaN,NaN,NaN,Omaha_Cal_Info_CE06ISSM_00004.xlsx
N00268,CE06ISSP,CE06ISSP-00001,1.0,2015-04-10,18:10:00,2015-07-08 00:00:00,47° 8.0880' N,124° 16.3956' W,29.0,Endurance III,NaN,NaN,NaN,Omaha_Cal_Info_CE06ISSP_00001.xlsx
N00269,CE06ISSP,CE06ISSP-00002,2.0,2015-07-08,22:30:00,2015-08-21 00:00:00,47° 7.8612' N,124° 15.9204' W,29.0,Miss Linda,NaN,NaN,NaN,Omaha_Cal_Info_CE06ISSP_00002.xlsx
N00270,CE06ISSP,CE06ISSP-00003,3.0,2015-08-21,15:29:00,2015-10-17 00:00:00,47° 7.847' N,124° 16.359' W,29.0,Elakha,NaN,NaN,NaN,Omaha_Cal_Info_CE06ISSP_00003.xlsx
OL000287,CE06ISSP,CE06ISSP-00004,4.0,2016-05-13,17:48:00,2016-07-20 00:00:00,47.134999,-124.26966,29.0,TN342,NaN,NaN,NaN,Omaha_Cal_Info_CE06ISSP_00004.xlsx
OL000611,CE06ISSP,CE06ISSP-00005,5.0,2016-07-20,15:30:00,NaN,47.136,-124.2693,29.0,R/V Jack Robertson,NaN,NaN,NaN,Omaha_Cal_Info_CE06ISSP_00005.xlsx
N00213,CE07SHSM,CE07SHSM-00001,1.0,2015-04-05,17:28:00,2015-10-13 00:00:00,46°59.1667' N,124°33.9667' W,88.0,OC1503D,NaN,NaN,NaN,Omaha_Cal_Info_CE07SHSM_00001.xlsx
N00271,CE07SHSM,CE07SHSM-00002,2.0,2015-10-13,17:02:00,2016-05-13 00:00:00,46° 59.2493' N,124° 34.1228' W,89.0,OC1510A,NaN,NaN,NaN,Omaha_Cal_Info_CE07SHSM_00002.xlsx
OL000429,CE07SHSM,CE07SHSM-00003,3.0,2016-05-05,19:08:00,NaN,46.989527,-124.568764,87.0,TN342,NaN,NaN,NaN,Omaha_Cal_Info_CE07SHSM_00003.xlsx
N00272,CE07SHSP,CE07SHSP-00001,1.0,2015-04-09,23:15:00,2015-07-08 00:00:00,46° 58.9080' N,124° 33.8592' W,87.0,Endurance III,NaN,NaN,NaN,Omaha_Cal_Info_CE07SHSP_00001.xlsx
N00273,CE07SHSP,CE07SHSP-00002,2.0,2015-08-22,01:42:00,2015-10-13 00:00:00,46° 59.0592' N,124° 33.8916' W,87.0,Elakha,NaN,NaN,NaN,Omaha_Cal_Info_CE07SHSP_00002.xlsx
A00225,CE09OSPM,CE09OSPM-00001,1.0,2014-04-18,00:58:00,2014-08-15 00:00:00,46° 51.104' N,124° 58.287' W,536.1,EA01,NaN,NaN,NaN,Omaha_Cal_Info_CE09OSPM_00001.xlsx
A01160,CE09OSPM,CE09OSPM-00002,2.0,2014-10-08,19:12:00,2015-04-06 00:00:00,46° 51.177' N,124° 57.978' W,542.0,EA02,NaN,NaN,NaN,Omaha_Cal_Info_CE09OSPM_00002.xlsx
N00214,CE09OSPM,CE09OSPM-00003,3.0,2015-04-05,02:25:00,2015-10-17 00:00:00,46° 51.0333' N,124° 58.35' W,542.0,OC1503D,NaN,NaN,NaN,Omaha_Cal_Info_CE09OSPM_00003.xlsx
N00274,CE09OSPM,CE09OSPM-00004,4.0,2015-10-16,21:56:00,2016-05-11 00:00:00,46° 51.1241' N,124° 57.9602' W,542.0,OC1510A,NaN,NaN,NaN,Omaha_Cal_Info_CE09OSPM_00004.xlsx
OL000288,CE09OSPM,CE09OSPM-00005,5.0,2016-05-12,22:30:00,NaN,46.851277,-124.982104,542.0,TN342,NaN,NaN,NaN,Omaha_Cal_Info_CE09OSPM_00005.xlsx
N00215,CE09OSSM,CE09OSSM-00001,1.0,2015-04-09,15:34:00,2015-09-25 00:00:00,46° 51.2309' N,124° 57.5030' W,542.0,OC1503D,NaN,NaN,NaN,Omaha_Cal_Info_CE09OSSM_00001.xlsx
N00275,CE09OSSM,CE09OSSM-00002,2.0,2015-10-15,23:06:00,2016-05-07 00:00:00,46° 51.1879' N,124° 57.2340' W,542.0,OC1510A,NaN,NaN,NaN,Omaha_Cal_Info_CE09OSSM_00002.xlsx
OL000469,CE09OSSM,CE09OSSM-00003,3.0,2016-05-12,17:45:00,NaN,46.853687,-124.961455,535.0,TN342,NaN,NaN,NaN,Omaha_Cal_Info_CE09OSSM_00003.xlsx
A00228,CP01CNSM,CP01CNSM-00001,1.0,2013-11-21,18:16:00,2014-04-18 00:00:00,40° 08.2167' N,70° 46.1833' W,133.5,KN-214,"Hydrogen explosion on ~Feb 17, 2014",NaN,NaN,Omaha_Cal_Info_CP01CNSM_00001.xlsx
N00201,CP01CNSM,CP01CNSM-00002,2.0,2014-12-13,18:47:00,2014-12-15 00:00:00,40° 08.034' N,70° 46.734' W,135.0,KN224,CP01CNSM deployment 2 ran for only two days before the mooring was recovered. The on-board fuel cell power generator failed immediately after deployment.,NaN,NaN,Omaha_Cal_Info_CP01CNSM_00002.xlsx
N00206,CP01CNSM,CP01CNSM-00003,3.0,2015-05-07,17:34:00,2015-10-23 00:00:00,40° 08.4130' N,70° 46.2769' W,135.0,AT-27,NaN,NaN,NaN,Omaha_Cal_Info_CP01CNSM_00003.xlsx
N00207,CP01CNSM,CP01CNSM-00004,4.0,2015-10-23,18:50:00,2016-04-04 00:00:00,40° 07.994' N,70° 46.706' W,136.0,AT-31,NaN,NaN,NaN,Omaha_Cal_Info_CP01CNSM_00004.xlsx
OL000222,CP01CNSM,CP01CNSM-00005,5.0,2016-05-13,13:50:00,NaN,40.1397666667,-70.77145,134.0,AR-04,NaN,NaN,NaN,Omaha_Cal_Info_CP01CNSM_00005.xlsx
N00229,CP01CNSP,CP01CNSP-00004,4.0,2015-07-23,17:20:00,2015-10-14 00:00:00,40°8.05'N,70°46.2'W,134.0,Scarlett Isabella,Ship: Scarlett Isabella (no cruise number),NaN,NaN,Omaha_Cal_Info_CP01CNSP_00004.xlsx
A00232,CP02PMCI,CP02PMCI-00001,1.0,2014-04-16,23:28:00,2014-10-10 00:00:00,40° 13.599' N,70° 53.315' W,127.0,KN-217,NaN,NaN,NaN,Omaha_Cal_Info_CP02PMCI_00001.xlsx
A01195,CP02PMCI,CP02PMCI-00002,2.0,2014-10-11,18:11:00,2014-12-15 00:00:00,40° 13.592' N,70° 52.677' W,127.0,KN-222,NaN,NaN,NaN,Omaha_Cal_Info_CP02PMCI_00002.xlsx
N00230,CP02PMCI,CP02PMCI-00003,3.0,2015-04-30,02:58:00,2015-10-15 00:00:00,40° 13.602' N,70° 53.329' W,128.0,AT-27,NaN,NaN,NaN,Omaha_Cal_Info_CP02PMCI_00003.xlsx
N00231,CP02PMCI,CP02PMCI-00004,4.0,2015-10-15,18:11:00,2016-05-20 00:00:00,40° 13.603' N, 70° 52.674' W,127.0,AT-31,NaN,NaN,NaN,Omaha_Cal_Info_CP02PMCI_00004.xlsx
OL000237,CP02PMCI,CP02PMCI-00005,5.0,2016-05-21,00:18:00,2016-05-30 00:00:00,40.22655,-70.8889666667,128.0,AR-04,NaN,NaN,NaN,Omaha_Cal_Info_CP02PMCI_00005.xlsx
A00231,CP02PMCO,CP02PMCO-00001,1.0,2014-04-13,17:50:00,2014-10-07 00:00:00,40° 05.763' N,70° 52.783' W,148.0,KN-217,NaN,NaN,NaN,Omaha_Cal_Info_CP02PMCO_00001.xlsx
A01196,CP02PMCO,CP02PMCO-00002,2.0,2014-10-07,19:26:00,2015-05-01 00:00:00,40° 06.074' N,70° 53.261' W,147.0,KN-222,NaN,NaN,NaN,Omaha_Cal_Info_CP02PMCO_00002.xlsx
N00232,CP02PMCO,CP02PMCO-00003,3.0,2015-05-01,18:34:00,2015-10-14 00:00:00,40°5.801'N,70°52.764'W,147.0,AT-27,NaN,NaN,NaN,Omaha_Cal_Info_CP02PMCO_00003.xlsx
N00234,CP02PMCO,CP02PMCO-00005,5.0,2015-10-17,22:52:00,2016-05-20 00:00:00,40° 05.791' N,70° 52.747' W,148.0,AT-31,NaN,NaN,NaN,Omaha_Cal_Info_CP02PMCO_00005.xlsx
OL000240,CP02PMCO,CP02PMCO-00006,6.0,2016-05-20,17:43:00,NaN,40.1006833333,-70.8882,147.0,AR-04,NaN,NaN,NaN,Omaha_Cal_Info_CP02PMCO_00006.xlsx
A00230,CP02PMUI,CP02PMUI-00001,1.0,2013-11-23,23:16:00,2014-04-12 00:00:00,40° 21.8043' N,70° 46.5593' W,93.0,KN-214,NaN,NaN,NaN,Omaha_Cal_Info_CP02PMUI_00001.xlsx
A01197,CP02PMUI,CP02PMUI-00002,2.0,2014-04-12,16:42:00,2014-10-09 00:00:00,40° 21.897' N,70° 46.161' W,95.0,KN-217,NaN,NaN,NaN,Omaha_Cal_Info_CP02PMUI_00002.xlsx
N00204,CP02PMUI,CP02PMUI-00003,3.0,2014-10-09,18:26:00,2014-12-14 00:00:00,40° 21.890' N,70° 46.868' W,95.0,KN-222,NaN,NaN,NaN,Omaha_Cal_Info_CP02PMUI_00003.xlsx
N00235,CP02PMUI,CP02PMUI-00004,4.0,NaN,NaN,NaN,NaN,NaN,NaN,AT-27,Recovered after deployment due to a failed WFP,NaN,NaN,Omaha_Cal_Info_CP02PMUI_00004.xlsx
N00236,CP02PMUI,CP02PMUI-00005,5.0,2015-05-03,13:45:00,2015-10-16 00:00:00,40° 21.925' N,70° 46.991' W,97.0,AT-27,NaN,NaN,NaN,Omaha_Cal_Info_CP02PMUI_00005.xlsx
N00237,CP02PMUI,CP02PMUI-00006,6.0,2015-10-16,19:01:00,2016-05-21 00:00:00,40° 21.901' N,70° 46.172' W,96.0,AT-31,NaN,NaN,NaN,Omaha_Cal_Info_CP02PMUI_00006.xlsx
OL000243,CP02PMUI,CP02PMUI-00007,7.0,2016-05-21,16:52:00,NaN,40.3653333333,-70.7809,92.0,AR-04,NaN,NaN,NaN,Omaha_Cal_Info_CP02PMUI_00007.xlsx
N00238,CP02PMUO,CP02PMUO-00001,1.0,2013-11-23,15:50:00,2013-11-25 00:00:00,39°56.4943'N,70°46.7825'W,445.0,KN-214,Recovered after deployment due to failed WFP,NaN,NaN,Omaha_Cal_Info_CP02PMUO_00001.xlsx
A00229,CP02PMUO,CP02PMUO-00002,2.0,2013-11-25,20:58:00,2014-04-14 00:00:00,39° 56.279' N,70° 46.145' W,450.0,KN-214,NaN,NaN,NaN,Omaha_Cal_Info_CP02PMUO_00002.xlsx
A01198,CP02PMUO,CP02PMUO-00003,3.0,2014-04-14,16:08:00,2014-10-05 00:00:00,39° 56.543' N,70° 46.807' W,452.0,KN-217,NaN,NaN,NaN,Omaha_Cal_Info_CP02PMUO_00003.xlsx
N00200,CP02PMUO,CP02PMUO-00004,4.0,2014-10-05,20:02:00,2015-04-30 00:00:00,39° 56.5813' N,70° 46.2008' W,450.0,KN-222,NaN,NaN,NaN,Omaha_Cal_Info_CP02PMUO_00004.xlsx
N00239,CP02PMUO,CP02PMUO-00005,5.0,2015-04-30,16:56:00,2015-10-13 00:00:00,39° 56.497' N,70° 46.851' W,452.0,AT-27,Buoy adrift and recovered 12-Oct-2015,NaN,NaN,Omaha_Cal_Info_CP02PMUO_00005.xlsx
N00240,CP02PMUO,CP02PMUO-00006,6.0,2015-10-13,19:12:00,2016-05-18 00:00:00,39° 56.602' N, 70° 46.226' W,444.0,AT-31,NaN,NaN,NaN,Omaha_Cal_Info_CP02PMUO_00006.xlsx
OL000249,CP02PMUO,CP02PMUO-00007,7.0,2016-05-18,21:17:00,NaN,39.9421166667,-70.7800166667,450.0,AR-04,NaN,NaN,NaN,Omaha_Cal_Info_CP02PMUO_00007.xlsx
N00241,CP03ISSM,CP03ISSM-00001,1.0,2014-12-14,18:53:00,2014-12-30 00:00:00,40°21.733'N,70°52.717'W,94.0,KN224,Buoy went adrift and was recovered,NaN,NaN,Omaha_Cal_Info_CP03ISSM_00001.xlsx
N00242,CP03ISSM,CP03ISSM-00002,2.0,2015-05-09,00:57:00,2015-10-30 00:00:00,40°21.5667'N,70°53.1167'W,97.0,AT-27,Buoy went adrift and was recovered?? - same comment in CP03ISSM-00001 deployment file,NaN,NaN,Omaha_Cal_Info_CP03ISSM_00002.xlsx
N00243,CP03ISSM,CP03ISSM-00003,3.0,2015-10-21,17:45:00,2016-05-14 00:00:00,40° 21.883' N,70° 53.302' W,96.0,AT-31,NaN,NaN,NaN,Omaha_Cal_Info_CP03ISSM_00003.xlsx
OL000253,CP03ISSM,CP03ISSM-00004,4.0,2016-05-28,14:43:00,NaN,40.35945,-70.8849833333,95.0,AR-04,NaN,NaN,NaN,Omaha_Cal_Info_CP03ISSM_00004.xlsx
N00244,CP03ISSP,CP03ISSP-00001,1.0,2014-12-14,23:46:00,2015-01-11 00:00:00,40° 21.886' N,70° 53.298' W,93.0,KN-224,Went adrift and recovered on Pioneer 3a; Anchor Launch Time is not exact.,NaN,NaN,Omaha_Cal_Info_CP03ISSP_00001.xlsx
N00245,CP03ISSP,CP03ISSP-00002,2.0,2015-05-11,19:29:00,2015-06-16 00:00:00,40° 21.876' N,70° 53.323' W,93.0,AT-27,Went adrift and recovered on Pioneer 3a,NaN,NaN,Omaha_Cal_Info_CP03ISSP_00002.xlsx
N00246,CP03ISSP,CP03ISSP-00003,3.0,2015-07-23,11:45:00,2015-10-15 00:00:00,40° 21.862' N,70° 53.288' W,95.0,Scarlett Isabella,Ship: Scarlett Isabella (no cruise number),NaN,NaN,Omaha_Cal_Info_CP03ISSP_00003.xlsx
OL000269,CP03ISSP,CP03ISSP-00004,4.0,2016-05-28,19:07:00,2016-05-30 00:00:00,40.36725,-70.8817666667,95.0,AR-04,NaN,NaN,NaN,Omaha_Cal_Info_CP03ISSP_00004.xlsx
A00233,CP04OSPM,CP04OSPM-00001,1.0,2014-04-15,18:24:00,2014-10-04 00:00:00,39°56.2737' N,70°53.2167' W,453.0,KN-217,NaN,NaN,NaN,Omaha_Cal_Info_CP04OSPM_00001.xlsx
A01199,CP04OSPM,CP04OSPM-00002,2.0,2014-10-04,20:04:00,2015-04-29 00:00:00,39° 56.491' N,70° 52.706' W,450.0,KN-222,NaN,NaN,NaN,Omaha_Cal_Info_CP04OSPM_00002.xlsx
N00247,CP04OSPM,CP04OSPM-00003,3.0,2015-04-29,20:15:00,2015-10-12 00:00:00,39° 56.582' N,70° 53.122' W,436.0,AT-27,NaN,NaN,NaN,Omaha_Cal_Info_CP04OSPM_00003.xlsx
N00248,CP04OSPM,CP04OSPM-00004,4.0,2015-10-12,19:11:00,2016-05-19 00:00:00,39° 56.139' N,70° 52.799' W,458.0,AT-31,NaN,NaN,NaN,Omaha_Cal_Info_CP04OSPM_00004.xlsx
OL000251,CP04OSPM,CP04OSPM-00005,5.0,2016-05-19,22:35:00,NaN,39.94325,-70.8866666667,438.0,AR-04,NaN,NaN,NaN,Omaha_Cal_Info_CP04OSPM_00005.xlsx
N00202,CP04OSSM,CP04OSSM-00001,1.0,2014-12-12,21:47:00,2015-05-10 00:00:00,39° 56.1701' N,70° 52.818' W,455.0,KN-224,NaN,NaN,NaN,Omaha_Cal_Info_CP04OSSM_00001.xlsx
N00203,CP04OSSM,CP04OSSM-00002,2.0,2015-05-09,01:04:00,2015-10-23 00:00:00,39° 56.438' N,70° 52.713' W,442.0,AT-27,NaN,NaN,NaN,Omaha_Cal_Info_CP04OSSM_00002.xlsx
N00249,CP04OSSM,CP04OSSM-00003,3.0,2015-10-22,19:37:00,2016-05-13 00:00:00,39° 56.236' N,70° 53.199' W,454.0,AT-31,NaN,NaN,NaN,Omaha_Cal_Info_CP04OSSM_00003.xlsx
OL000271,CP04OSSM,CP04OSSM-00004,4.0,2016-05-27,15:50:00,NaN,39.9400333333,-70.8774333333,446.0,AR-04,NaN,NaN,NaN,Omaha_Cal_Info_CP04OSSM_00004.xlsx
A01774,CP05MOAS-GL335,335,1.0,2014-10-06,15:08:00,2014-12-15 00:00:00,39° 50' N,70° 42.5' W,200.0,KN-222,EB Line,NaN,NaN,Omaha_Cal_Info_CP05MOAS-GL335_00001.xlsx
A01774,CP05MOAS-GL335,335,2.0,2015-10-14,01:13:00,2015-11-16 00:00:00,39° 50' N,70° 42.5' W,200.0,AT-31,EB Line,NaN,NaN,Omaha_Cal_Info_CP05MOAS-GL335_00002.xlsx
A01774,CP05MOAS-GL335,335,3.0,2016-04-04,18:53:00,2016-04-18 00:00:00,39° 58' N,70° 32' W,200.0,SVC-3,FZ-1,NaN,NaN,Omaha_Cal_Info_CP05MOAS-GL335_00003.xlsx
A01774,CP05MOAS-GL335,335,4.0,2016-05-27,20:33:00,2016-06-27 00:00:00,39° 50' N,70° 42.5' W,200.0,AR-04,FZ-1,NaN,NaN,Omaha_Cal_Info_CP05MOAS-GL335_00004.xlsx
A00181,CP05MOAS-GL336,336,1.0,2015-01-11,00:10:00,2015-03-27 00:00:00,39° 50' N,70° 42.5' W,1000.0,Scarlett Isabella,FZ-2 Line,NaN,NaN,Omaha_Cal_Info_CP05MOAS-GL336_00001.xlsx
A00181,CP05MOAS-GL336,336,2.0,NaN,NaN,NaN,NaN,NaN,NaN,NaN,NaN,NaN,NaN,Omaha_Cal_Info_CP05MOAS-GL336_00002.xlsx
A00257,CP05MOAS-GL339,339,1.0,2015-01-12,05:59:00,2015-04-29 00:00:00,39° 50' N,70° 42.5' W,200.0,Scarlett Isabella,EB Line,NaN,NaN,Omaha_Cal_Info_CP05MOAS-GL339_00001.xlsx
A00284,CP05MOAS-GL340,340,1.0,2014-10-06,23:35:00,2014-12-12 00:00:00,39° 50' N,70° 42.5' W,200.0,KN-222,FZ-1 Line,NaN,NaN,Omaha_Cal_Info_CP05MOAS-GL340_00001.xlsx
A00284,CP05MOAS-GL340,340,2.0,2015-05-06,01:00:00,2015-07-02 00:00:00,39° 50' N,70° 42.5' W,200.0,AT-27,EB Line,NaN,NaN,Omaha_Cal_Info_CP05MOAS-GL340_00002.xlsx
A00334,CP05MOAS-GL374,374,1.0,2014-04-16,16:30:00,2014-07-11 00:00:00,39° 50' N,70° 42.5' W,200.0,KN-217,"EB Line, Recover info not in P3 leg 1 report",NaN,NaN,Omaha_Cal_Info_CP05MOAS-GL374_00001.xlsx
A00334,CP05MOAS-GL374,374,2.0,2015-05-09,01:30:00,2015-07-23 00:00:00,39° 50' N,70° 42.5' W,200.0,AT-27,FZ-1 Line; Recover info not in P3 leg 1 report,NaN,NaN,Omaha_Cal_Info_CP05MOAS-GL374_00002.xlsx
A00334,CP05MOAS-GL374,374.0,3.0,2016-05-29,00:25:00,2016-08-09 00:00:00,40° 05' N,70° 22' W,200.0,AR-04,EB Line,NaN,NaN,Omaha_Cal_Info_CP05MOAS-GL374_00003.xlsx
A00336,CP05MOAS-GL375,375,1.0,2015-01-11,20:47:00,2015-02-13 00:00:00,39° 50' N,70° 42.5' W,1000.0,Scarlett Isabella,FZ-1 Line,NaN,NaN,Omaha_Cal_Info_CP05MOAS-GL375_00001.xlsx
A00335,CP05MOAS-GL376,376,1.0,2014-10-06,23:28:00,2014-12-13 00:00:00,39° 50' N,70° 42.5' W,1000.0,KN-222,SS-1  Line,NaN,NaN,Omaha_Cal_Info_CP05MOAS-GL376_00001.xlsx
A00335,CP05MOAS-GL376,376,2.0,2015-05-06,23:00:00,2015-05-13 00:00:00,39° 50' N,70° 42.5' W,1000.0,AT-31,SS-1 Line; Bladder Failure No Data,NaN,NaN,Omaha_Cal_Info_CP05MOAS-GL376_00002.xlsx
A00335,CP05MOAS-GL376,376,3.0,2015-10-13,00:27:00,2015-12-08 00:00:00,39° 50' N,70° 42.5' W,1000.0,AT-31,SS-1 Line,NaN,NaN,Omaha_Cal_Info_CP05MOAS-GL376_00003.xlsx
A00335,CP05MOAS-GL376,376,4.0,2016-01-21,01:30:00,2016-02-02 00:00:00,39° 50' N,70° 42.5' W,1000.0,P5a,SS-1 Line,NaN,NaN,Omaha_Cal_Info_CP05MOAS-GL376_00004.xlsx
A00335,CP05MOAS-GL376,376.0,5.0,2016-05-27,20:50:00,2016-08-09 00:00:00,39° 49.836' N,70° 43.677' W,1000.0,P5a,SS-1 Line,NaN,NaN,Omaha_Cal_Info_CP05MOAS-GL376_00005.xlsx
A00367,CP05MOAS-GL379,379,1.0,2014-04-15,13:15:00,2014-07-11 00:00:00,39° 50' N,70° 42.5' W,1000.0,KN-217,FZ-1 Line,NaN,NaN,Omaha_Cal_Info_CP05MOAS-GL379_00001.xlsx
A00367,CP05MOAS-GL379,379,2.0,2015-05-09,01:30:00,2015-07-02 00:00:00,39° 50' N,70° 42.5' W,1000.0,AT-27,FZ-2 Line,NaN,NaN,Omaha_Cal_Info_CP05MOAS-GL379_00002.xlsx
A00368,CP05MOAS-GL380,380,1.0,2014-10-07,01:06:00,2015-01-11 00:00:00,39° 50' N,70° 42.5' W,200.0,KN-222,FZ-2,NaN,NaN,Omaha_Cal_Info_CP05MOAS-GL380_00001.xlsx
A00368,CP05MOAS-GL380,380,2.0,2015-07-23,01:30:00,2015-10-15 00:00:00,39° 50' N,70° 42.5' W,1000.0,Scarlett Isabella,FZ-1,NaN,NaN,Omaha_Cal_Info_CP05MOAS-GL380_00002.xlsx
A00585,CP05MOAS-GL387,387,1.0,2014-04-16,14:40:00,2014-05-02 00:00:00,39° 50' N,70° 42.5' W,1000.0,KN-217,SS-1 Line,NaN,NaN,Omaha_Cal_Info_CP05MOAS-GL387_00001.xlsx
A00585,CP05MOAS-GL387,387,2.0,2015-01-11,17:16:00,2015-03-04 00:00:00,39° 50' N,70° 42.5' W,1000.0,KN-217,SS-2 Line,NaN,NaN,Omaha_Cal_Info_CP05MOAS-GL387_00002.xlsx
A00585,CP05MOAS-GL387,387,3.0,2015-10-14,01:19:00,2015-11-30 00:00:00,39° 50' N,70° 42.5' W,1000.0,AT-31,FZ-1 Line,NaN,NaN,Omaha_Cal_Info_CP05MOAS-GL387_00003.xlsx
A00585,CP05MOAS-GL387,387,4.0,2016-04-04,18:58:00,2016-07-28 00:00:00,39° 58' N,70° 32.5' W,1000.0,SCV-3,FZ-2 Line,NaN,NaN,Omaha_Cal_Info_CP05MOAS-GL387_00004.xlsx
A00583,CP05MOAS-GL388,388,1.0,2014-10-06,20:14:00,2014-12-13 00:00:00,39° 50' N,70° 42.5' W,1000.0,KN-222,SS-2 Line,NaN,NaN,Omaha_Cal_Info_CP05MOAS-GL388_00001.xlsx
A00583,CP05MOAS-GL388,388,3.0,2015-10-22,12:29:00,2016-01-21 00:00:00,39° 50' N,70° 42.5' W,1000.0,AT-31,GS Line,NaN,NaN,Omaha_Cal_Info_CP05MOAS-GL388_00003.xlsx
A00583,CP05MOAS-GL388,388,4.0,NaN,NaN,NaN,NaN,NaN,NaN,NaN,NaN,NaN,NaN,Omaha_Cal_Info_CP05MOAS-GL388_00004.xlsx
A00584,CP05MOAS-GL389,389,1.0,2015-01-11,01:30:00,2015-05-03 00:00:00,39° 50' N,70° 42.5' W,1000.0,Scarlett Isabella,SS-1 Line,NaN,NaN,Omaha_Cal_Info_CP05MOAS-GL389_00001.xlsx
A00584,CP05MOAS-GL389,389,2.0,2015-10-13,00:58:00,2016-01-21 00:00:00,39° 50' N,70° 42.5' W,1000.0,AT-31,SS-1 Line,NaN,NaN,Omaha_Cal_Info_CP05MOAS-GL389_00002.xlsx
N00216,GA01SUMO,GA01SUMO-00001,1.0,2015-03-15,21:25:00,2015-11-26 00:00:00,42° 55.37' S,42° 27.35' W,5181.0,AT-26-30,NaN,NaN,NaN,Omaha_Cal_Info_GA01SUMO_00001.xlsx
OL000091,GA01SUMO,GA01SUMO-00002,2.0,2015-11-14,21:06:00,NaN,42° 55.476' S,42° 35.201' W,5188.0,NBP-15-10,NaN,NaN,NaN,Omaha_Cal_Info_GA01SUMO_00002.xlsx
N00217,GA02HYPM,GA02HYPM-00001,1.0,2015-03-16,19:00:00,2015-11-15 00:00:00,42° 58.90' S,42° 29.91' W,5200.0,AT-26-30,NaN,NaN,NaN,Omaha_Cal_Info_GA02HYPM_00001.xlsx
OL000048,GA02HYPM,GA02HYPM-00002,2.0,2015-11-16,18:36:00,NaN,42° 58.850' S,42° 32.515' W,5196.0,NBP-15-10,NaN,NaN,NaN,Omaha_Cal_Info_GA02HYPM_00002.xlsx
N00218,GA03FLMA,GA03FLMA-00001,1.0,2015-03-17,19:45:00,2015-11-22 00:00:00,42° 29.58' S,42° 52.24' W,5165.0,AT-26-30,Wrong anchor position recovered in Argentine-1 Cruise report. Fixed here,NaN,NaN,Omaha_Cal_Info_GA03FLMA_00001.xlsx
OL000028,GA03FLMA,GA03FLMA-00002,2.0,2015-11-25,19:21:00,NaN,42° 29.674' S,42° 55.267' W,5142.0,NBP-15-10,NaN,NaN,NaN,Omaha_Cal_Info_GA03FLMA_00002.xlsx
N00219,GA03FLMB,GA03FLMB-00001,1.0,2015-03-21,02:30:00,2015-11-18 00:00:00,42° 29.74' S,42° 07.32' W,5170.0,AT-26-30,NaN,NaN,NaN,Omaha_Cal_Info_GA03FLMB_00001.xlsx
OL000105,GA03FLMB,GA03FLMB-00002,2.0,2015-11-21,21:51:00,NaN,42° 29.546’ S,42° 09.756’ W,5092.0,NBP-15-10,NaN,NaN,NaN,Omaha_Cal_Info_GA03FLMB_00002.xlsx
A01217,GA05MOAS-GL493,493,2.0,2015-03-15,02:00:00,2015-11-13 00:00:00,42° 55.3654' S,42° 27.3557' W,1000.0,AT-26-30,NaN,NaN,NaN,Omaha_Cal_Info_GA05MOAS-GL493_00001.xlsx
A01219,GA05MOAS-GL494,494,1.0,2015-03-14,11:00:00,2015-03-24 00:00:00,42° 55.3654' S,42° 27.3557' W,1000.0,AT-26-30,Glider lost,NaN,NaN,Omaha_Cal_Info_GA05MOAS-GL494_00001.xlsx
A01218,GA05MOAS-GL495,495,1.0,2015-03-13,08:30:00,2015-03-14 00:00:00,42° 55.3654' S,42° 27.3557' W,1000.0,AT26-30,NaN,NaN,NaN,Omaha_Cal_Info_GA05MOAS-GL495_00001.xlsx
A01203,GA05MOAS-GL496,496,1.0,2015-03-14,11:00:00,2016-03-16 00:00:00,42° 55.3654' S,42° 27.3557' W,1000.0,AT-26-30,Glider lost,NaN,NaN,Omaha_Cal_Info_GA05MOAS-GL496_00001.xlsx
A01433,GA05MOAS-GL538,538,1.0,2015-11-24,17:30:00,NaN,42° 35.100' S,42° 40.000' W,1000.0,NBP 15-10,NaN,NaN,NaN,Omaha_Cal_Info_GA05MOAS-GL538_00001.xlsx
A01725,GA05MOAS-PG562,562,1.0,2015-11-24,21:30:00,NaN,42° 34.300' S,42° 39.400' W,200.0,NBP 15-10,NaN,NaN,NaN,Omaha_Cal_Info_GA05MOAS-PG562_00001.xlsx
A01726,GA05MOAS-PG563,563,1.0,2015-11-24,21:47:00,2016-05-02 00:00:00,42° 35.300' S,42° 38.700' W,200.0,NBP 15-10,NaN,NaN,NaN,Omaha_Cal_Info_GA05MOAS-PG563_00001.xlsx
N00220,GI01SUMO,GI01SUMO-00001,1.0,2014-09-10,18:50:00,2015-08-22 00:00:00,59° 56.022' N,39° 28.427' W,2685.0,KN-221-4,Global Irminger D00001 has only one functioning glider (477). This glider failed in April so no additional data will be available until recovery in August 2015.,59.9337,-39.4737833333,Omaha_Cal_Info_GI01SUMO_00001.xlsx
N00221,GI01SUMO,GI01SUMO-00002,2.0,2015-08-15,19:22:00,NaN,59° 56.615' N,39° 34.423' W,2668.0,AT-30-01,NaN,NaN,NaN,Omaha_Cal_Info_GI01SUMO_00002.xlsx
OL000586,GI01SUMO,GI01SUMO-00003,3.0,2016-07-10,17:44:00,2017-08-01 00:00:00,59.9341,-39.4673,2691.0,AR-07-01,NaN,NaN,NaN,Omaha_Cal_Info_GI01SUMO_00003.xlsx
N00222,GI02HYPM,GI02HYPM-00001,1.0,2014-09-11,17:13:00,2015-08-16 00:00:00,59° 58.52' N,39° 28.91' W,2675.0,KN-221-4,NaN,NaN,NaN,Omaha_Cal_Info_GI02HYPM_00001.xlsx
N00223,GI02HYPM,GI02HYPM-00002,2.0,2015-08-16,22:59:00,NaN,59° 58.365' N,39° 31.409' W,2667.0,AT-30-01,NaN,NaN,NaN,Omaha_Cal_Info_GI02HYPM_00002.xlsx
OL000597,GI02HYPM,GI02HYPM-00003,3.0,2016-07-11,14:22:00,2017-08-01 00:00:00,59.9695,-39.4886,2673.0,AR-07-01,NaN,NaN,NaN,Omaha_Cal_Info_GI02HYPM_00003.xlsx
N00224,GI03FLMA,GI03FLMA-00001,1.0,2014-09-12,20:11:00,2015-08-18 00:00:00,59° 46.01' N,39° 50.55' W,2700.0,KN-221-4,NaN,NaN,NaN,Omaha_Cal_Info_GI03FLMA_00001.xlsx
N00225,GI03FLMA,GI03FLMA-00002,2.0,2015-08-18,23:48:00,NaN,59° 46.240' N,39° 52.806' W,2689.0,AT-30-01,NaN,NaN,NaN,Omaha_Cal_Info_GI03FLMA_00002.xlsx
OL000601,GI03FLMA,GI03FLMA-00003,3.0,2016-07-12,15:59:00,2017-08-01 00:00:00,59.8177133333,-39.8412333333,2696.0,AR-07-01,NaN,NaN,NaN,Omaha_Cal_Info_GI03FLMA_00003.xlsx
N00226,GI03FLMB,GI03FLMB-00001,1.0,2014-09-16,13:24:00,2015-08-20 00:00:00,59° 42.76' N,039° 13.81' W,2825.0,KN-221-4,NaN,NaN,NaN,Omaha_Cal_Info_GI03FLMB_00001.xlsx
N00227,GI03FLMB,GI03FLMB-00002,2.0,2015-08-21,17:11:00,NaN,59° 43.094' N,39° 21.217' W,2812.0,AT-30-01,NaN,NaN,NaN,Omaha_Cal_Info_GI03FLMB_00002.xlsx
OL000603,GI03FLMB,GI03FLMB-00003,3.0,2016-07-13,15:49:00,2017-08-01 00:00:00,59.715475,-39.3147916667,2825.0,AR-07-01,NaN,NaN,NaN,Omaha_Cal_Info_GI03FLMB_00003.xlsx
A00962,GI05MOAS-GL469,469,1.0,2014-09-10,23:00:00,2014-09-18 00:00:00,59° 56.024' N,39° 28.430' W,1000.0,KN-221-4,NaN,NaN,NaN,Omaha_Cal_Info_GI05MOAS-GL469_00001.xlsx
A00964,GI05MOAS-GL477,477,1.0,2014-09-10,23:00:00,2015-04-17 00:00:00,59° 56.024' N,39° 28.430' W,1000.0,KN-221-4,NaN,NaN,NaN,Omaha_Cal_Info_GI05MOAS-GL477_00001.xlsx
A00965,GI05MOAS-GL478,478,1.0,2014-09-11,00:50:00,2014-09-12 00:00:00,59° 56.024' N,39° 28.430' W,1000.0,KN-221-4,NaN,NaN,NaN,Omaha_Cal_Info_GI05MOAS-GL478_00001.xlsx
A00966,GI05MOAS-GL484,484,2.0,2015-08-17,10:25:00,2015-08-27 00:00:00,59° 51.600' N,39° 07.900' W,1000.0,AT-30-01,NaN,NaN,NaN,Omaha_Cal_Info_GI05MOAS-GL484_00002.xlsx
A00966,GI05MOAS-GL484,484,3.0,2016-07-09,10:32:00,2017-08-01 00:00:00,59.8591616667,-39.1321316667,1000.0,AR-07-01,NaN,NaN,NaN,Omaha_Cal_Info_GI05MOAS-GL484_00003.xlsx
A00967,GI05MOAS-GL485,485,1.0,2015-08-17,10:36:00,2015-11-20 00:00:00,59° 51.492' N,39° 07.080' W,1000.0,AT-30-01,glider lost,NaN,NaN,Omaha_Cal_Info_GI05MOAS-GL485_00001.xlsx
A01218,GI05MOAS-GL495,495,1.0,2015-08-17,14:02:00,2015-11-05 00:00:00,59° 51.665' N,39° 06.800' W,1000.0,AT-30-01,glider lost,NaN,NaN,Omaha_Cal_Info_GI05MOAS-GL495_00001.xlsx
OL000606,GI05MOAS-GL559,559,1.0,2016-07-09,10:12:00,2017-08-01 00:00:00,59.8608566667,-39.1292416667,1000.0,AR-07-01,NaN,NaN,NaN,Omaha_Cal_Info_GI05MOAS-GL559_00001.xlsx
A01667,GI05MOAS-PG528,528,1.0,2015-08-17,12:25:00,2016-06-18 00:00:00,59° 51.770' N,39° 06.931' W,200.0,AT-30-01,NaN,NaN,NaN,Omaha_Cal_Info_GI05MOAS-PG528_00001.xlsx
A00363,GP02HYPM,GP02HYPM-00001,1.0,2013-07-26,08:11:00,2014-06-14 00:00:00,50° 04.24' N,144° 47.88' W,4219.0,MV-130,2014-06-14 00:00:00,50.0706666667,-144.798,Omaha_Cal_Info_GP02HYPM_00001.xlsx
N00250,GP02HYPM,GP02HYPM-00002,2.0,2014-06-16,02:15:00,2015-06-02 00:00:00,50° 04.70' N,144° 48.32' W,4219.0,MV-1404,NaN,50.0783333333,-144.805333333,Omaha_Cal_Info_GP02HYPM_00002.xlsx
N00251,GP02HYPM,GP02HYPM-00003,3.0,2015-06-04,23:38:00,2016-07-01 00:00:00,50° 04.79' N,144° 48.18' W,4219.0,TN-323,NaN,NaN,NaN,Omaha_Cal_Info_GP02HYPM_00003.xlsx
OL000580,GP02HYPM,GP02HYPM-00004,4.0,2016-07-03,02:05:00,2017-07-01 00:00:00,50.0796,-144.805716667,4220.0,RB-16-05,NaN,NaN,NaN,Omaha_Cal_Info_GP02HYPM_00004.xlsx
A00364,GP03FLMA,GP03FLMA-00001,1.0,2013-07-21,22:44:00,2014-06-15 00:00:00,49° 58.77' N,144° 15.24' W,4127.0,MV-130,There was no data received from GP03FLMA during D00001.  It was speculated to be a batery issue on the mooring. ,NaN,NaN,Omaha_Cal_Info_GP03FLMA_00001.xlsx
N00252,GP03FLMA,GP03FLMA-00002,2.0,2014-06-17,06:00:00,2015-06-05 00:00:00,49° 58.65' N,144° 14.74' W,4237.0,MV-1404,NaN,49.9775,-144.245666667,Omaha_Cal_Info_GP03FLMA_00002.xlsx
N00253,GP03FLMA,GP03FLMA-00003,3.0,2015-06-06,22:40:00,2016-06-28 00:00:00,49° 58.60' N,144° 14.77' W,4127.0,TN-323,NaN,NaN,NaN,Omaha_Cal_Info_GP03FLMA_00003.xlsx
OL000582,GP03FLMA,GP03FLMA-00004,4.0,2016-07-01,01:07:00,2017-07-01 00:00:00,49.9743416667,-144.239725,4127.0,RB-16-05,NaN,NaN,NaN,Omaha_Cal_Info_GP03FLMA_00004.xlsx
A00365,GP03FLMB,GP03FLMB-00001,1.0,2013-07-24,06:32:00,2014-06-18 00:00:00,50° 19.90' N,144° 24.05' W,4145.0,MV-130,NaN,50.3316666667,-144.400833333,Omaha_Cal_Info_GP03FLMB_00001.xlsx
N00254,GP03FLMB,GP03FLMB-00002,2.0,2014-06-20,02:00:00,2015-06-07 00:00:00,50° 19.88' N,144° 23.85' W,4145.0,MV-1404,NaN,50.3313333333,-144.3975,Omaha_Cal_Info_GP03FLMB_00002.xlsx
N00255,GP03FLMB,GP03FLMB-00003,3.0,2015-06-08,21:25:00,2016-07-03 00:00:00,50° 19.82' N,144° 23.90' W,4145.0,TN-323,NaN,NaN,NaN,Omaha_Cal_Info_GP03FLMB_00003.xlsx
OL000585,GP03FLMB,GP03FLMB-00004,4.0,2016-07-04,23:07:00,2017-07-01 00:00:00,50.3292483333,-144.398001667,4146.0,RB-16-05,NaN,NaN,NaN,Omaha_Cal_Info_GP03FLMB_00004.xlsx
A00375,GP05MOAS-GL276,276,1.0,2014-06-15,05:30:00,2015-06-02 00:00:00,50° 04.70' N,144° 48.32' W,1000.0,MV-1404,NaN,50.0783333333,-144.805333333,Omaha_Cal_Info_GP05MOAS-GL276_00001.xlsx
A00376,GP05MOAS-GL361,361,1.0,2014-02-20,00:00:00,2014-05-04 00:00:00,50° 04.24' N,144° 47.88' W,1000.0,CCGS Tully,Lost at sea,50.0706666667,-144.798,Omaha_Cal_Info_GP05MOAS-GL361_00001.xlsx
A00377,GP05MOAS-GL362,362,1.0,2014-08-29,00:00:00,2014-09-04 00:00:00,50° 04.70' N,144° 48.32' W,1000.0,CGCS Tully,Lost at sea,50.0783333333,-144.805333333,Omaha_Cal_Info_GP05MOAS-GL362_00001.xlsx
A00378,GP05MOAS-GL363,363,1.0,2013-07-19,23:00:00,2014-06-15 00:00:00,50° 04.24' N,144° 47.88' W,1000.0,MV-130,NaN,50.0706666667,-144.798,Omaha_Cal_Info_GP05MOAS-GL363_00001.xlsx
A00378,GP05MOAS-GL363,363,2.0,2016-06-30,02:30:00,2016-07-05 00:00:00,50.1664833333,-144.501066667,1000.0,RB-16-05,appears to have bene recovered at 7:08:00 UTC,NaN,NaN,Omaha_Cal_Info_GP05MOAS-GL363_00002.xlsx
A00379,GP05MOAS-GL364,364,1.0,2013-07-19,23:00:00,2014-06-15 00:00:00,50° 04.24' N,144° 47.88' W,1000.0,MV-130,NaN,50.0706666667,-144.798,Omaha_Cal_Info_GP05MOAS-GL364_00001.xlsx
A00380,GP05MOAS-GL365,365,1.0,2013-07-19,23:00:00,2014-02-20 00:00:00,50° 04.24' N,144° 47.88' W,1000.0,MV-130,NaN,50.0706666667,-144.798,Omaha_Cal_Info_GP05MOAS-GL365_00001.xlsx
A00380,GP05MOAS-GL365,365,2.0,2016-06-27,15:35:00,2017-07-01 00:00:00,50.1655833333,-144.500766667,1000.0,RB-16-05,NaN,NaN,NaN,Omaha_Cal_Info_GP05MOAS-GL365_00002.xlsx
A00852,GP05MOAS-GL453,453,1.0,2014-08-29,00:00:00,2014-10-30 00:00:00,50° 04.70' N,144° 48.32' W,1000.0,CGCS Tully,NaN,50.0783333333,-144.805333333,Omaha_Cal_Info_GP05MOAS-GL453_00001.xlsx
A01296,GP05MOAS-GL523,523,1.0,2015-06-02,04:40:00,NaN,49° 57.965' N,144° 14.784' W,1000.0,TN-323,NaN,NaN,NaN,Omaha_Cal_Info_GP05MOAS-GL523_00001.xlsx
A01308,GP05MOAS-GL525,525,1.0,2015-06-02,11:25:00,2016-07-06 00:00:00,50° 09.857' N,144° 34.299' W,1000.0,TN-323,NaN,NaN,NaN,Omaha_Cal_Info_GP05MOAS-GL525_00001.xlsx
A01432,GP05MOAS-GL537,537,1.0,2015-06-02,11:05:00,2016-06-26 00:00:00,50° 10.529' N,144° 33.207' W,1000.0,TN-323,NaN,NaN,NaN,Omaha_Cal_Info_GP05MOAS-GL537_00001.xlsx
A01222,GP05MOAS-PG514,514,1.0,2015-06-02,10:00:00,2015-11-16 00:00:00,50° 10.015' N,144° 32.718' W,200.0,TN-323,configuration 1 GPG,NaN,NaN,Omaha_Cal_Info_GP05MOAS-PG514_00001.xlsx
A01223,GP05MOAS-PG515,515,1.0,2015-06-02,09:55:00,2016-02-18 00:00:00,50° 10.059' N,144° 32.676' W,200.0,TN-323,configuration 2 GPG,NaN,NaN,Omaha_Cal_Info_GP05MOAS-PG515_00001.xlsx
N00256,GS01SUMO,GS01SUMO-00001,1.0,2015-02-18,21:06:00,2015-12-27 00:00:00,54° 24.50' S,89° 21.45' W,4611.0,AT-26-29,NaN,NaN,NaN,Omaha_Cal_Info_GS01SUMO_00001.xlsx
OL000063,GS01SUMO,GS01SUMO-00002,2.0,2015-12-14,20:20:00,NaN,54° 24.2446' S,89° 12.4148' W,4588.0,NBP-15-11,NaN,NaN,NaN,Omaha_Cal_Info_GS01SUMO_00002.xlsx
N00257,GS02HYPM,GS02HYPM-00001,1.0,2015-02-19,23:00:00,2015-12-25 00:00:00,54° 28.1007' S,89° 22.1060' W,4650.0,AT-26-29,NaN,NaN,NaN,Omaha_Cal_Info_GS02HYPM_00001.xlsx
OL000032,GS02HYPM,GS02HYPM-00002,2.0,2015-12-15,19:34:00,NaN,54° 28.2069’ S,89° 14.3998’ W,4515.0,NBP-15-11,NaN,NaN,NaN,Omaha_Cal_Info_GS02HYPM_00002.xlsx
N00258,GS03FLMA,GS03FLMA-00001,1.0,2015-02-25,23:55:00,2015-12-18 00:00:00,54° 06.31' S,89° 39.2166' W,4632.0,AT-26-29,NaN,NaN,NaN,Omaha_Cal_Info_GS03FLMA_00001.xlsx
OL000033,GS03FLMA,GS03FLMA-00002,2.0,2015-12-17,19:42:00,NaN,54° 07.538’ S,89° 33.176’ W,4705.0,NBP-15-11,NaN,NaN,NaN,Omaha_Cal_Info_GS03FLMA_00002.xlsx
N00259,GS03FLMB,GS03FLMB-00001,1.0,2015-02-23,20:19:00,2015-12-19 00:00:00,54° 04.8180' S,88° 56.0760' W,4932.0,AT-26-29,NaN,NaN,NaN,Omaha_Cal_Info_GS03FLMB_00001.xlsx
OL000083,GS03FLMB,GS03FLMB-00002,2.0,2015-12-16,19:33:00,NaN,54° 04.944’ S,88° 51.5429’ W,4942.0,NBP-15-11,NaN,NaN,NaN,Omaha_Cal_Info_GS03FLMB_00002.xlsx
A01189,GS05MOAS-GL486,486,1.0,2015-02-21,16:35:00,2015-12-20 00:00:00,54°24.492' S,89°21.455' W,1000.0,AT26-29,NaN,NaN,NaN,Omaha_Cal_Info_GS05MOAS-GL486_00001.xlsx
A01297,GS05MOAS-GL524,524,1.0,2015-12-20,19:50:00,2016-04-11 00:00:00,54° 07.5380’ S,89° 46.7152’ W,1000.0,NBP-15-11,NaN,NaN,NaN,Omaha_Cal_Info_GS05MOAS-GL524_00001.xlsx
A01763,GS05MOAS-GL560,560,1.0,2015-12-20,19:20:00,NaN,54° 07. 4897’ S,89° 46.5990’ W,1000.0,NBP-15-11,NaN,NaN,NaN,Omaha_Cal_Info_GS05MOAS-GL560_00001.xlsx
OL000147,GS05MOAS-GL561,561,1.0,2015-12-25,21:41:00,NaN,54° 13.554’ S,89° 45.357’ W,1000.0,NBP-15-11,NaN,NaN,NaN,Omaha_Cal_Info_GS05MOAS-GL561_00001.xlsx
OL000151,GS05MOAS-PG565,565,1.0,2015-12-20,17:46:00,NaN,54° 07.5112’ S,89° 45.7489’ W,200.0,NBP-15-11,NaN,NaN,NaN,Omaha_Cal_Info_GS05MOAS-PG565_00001.xlsx
OL000152,GA05MOAS-PG566,566,1.0,2015-12-20,17:16:00,NaN,54° 07.5355’ S,89° 45.0518’ W,200.0,NBP-15-11,NaN,NaN,NaN,Omaha_Cal_Info_GS05MOAS-PG566_00001.xlsx
ATAPL-71403-00002,RS01SBPD-DP01A,13152-03,1.0,2014-08-23,05:55:00,2014-09-22 00:00:00,44° 31.6482'N,125° 22.8402'W,2901.0,TN-313,NaN,NaN,NaN,Omaha_Cal_Info_RS01SBPD.xlsx
ATAPL-69839-001-0101,RS01SBPS-PC01A,SN0101,1.0,2014-09-29,01:53:00,2015-07-06 00:00:00,44° 31.7382'N,125° 23.3622'W,195.0,TN-313,NaN,NaN,NaN,Omaha_Cal_Info_RS01SBPS.xlsx
ATAPL-65244-010-0023,RS01SLBS-MJ01A,SN0026,1.0,2013-08-02,10:51:00,NaN,44° 30.5813'N,125° 24.3118'W,2908.0,TN-299,NaN,NaN,NaN,Omaha_Cal_Info_RS01SLBS.xlsx
ATAPL-65310-020-0004,RS01SUM1-LJ01B,SN0004,1.0,2014-09-06,16:28:00,NaN,44° 34.1508'N,125° 08.8830'W,776.0,TN-313,NaN,NaN,NaN,Omaha_Cal_Info_RS01SUM1.xlsx
N00299,RS01SUM2-MJ01B,SN0024,1.0,2014-08-29,07:20:00,NaN,44° 34.1975' N,125° 08.8118' W,774.0,TN-313,NaN,NaN,NaN,Omaha_Cal_Info_RS01SUM2.xlsx
N00356,RS03ASHS-PN03B,RS03ASHS-ID03A-00001,1.0,2015-07-09,13:28:24,NaN,45° 56.0186' N,130° 00.8185' W,1542.0,TN-313,NaN,NaN,NaN,Omaha_Cal_Info_RS03ASHS.xlsx
N00357,RS03ASPI-PN03B,SN003A,1.0,2012-08-18,22:58:00,NaN,45° 56.477' N,129° 58.188' W,1525.0,Dependable-2012,NaN,NaN,NaN,Omaha_Cal_Info_RS03ASPI.xlsx
ATAPL-65244-040-0026,RS03AXBS-MJ03A,SN0023,1.0,2014-07-29,13:59:00,NaN,45° 49.2102'N,129° 44.1900'W,2608.0,TN-313,NaN,NaN,NaN,Omaha_Cal_Info_RS03AXBS.xlsx
ATAPL-71403-00001,RS03AXPD-DP03A,SN0001,1.0,2014-08-09,21:00:00,NaN,45° 49.7832'N,129° 45.5424'W,2612.0,TN-313,Profiler no longer operating due to docking station overcurrent,NaN,NaN,Omaha_Cal_Info_RS03AXPD.xlsx
ATAPL-69839-001-0103,RS03AXPS-PC03A,SN0103,1.0,2014-09-27,13:29:00,2015-07-09 00:00:00,45° 49.8300'N,129° 45.2046'W,190.0,TN-313,NaN,NaN,NaN,Omaha_Cal_Info_RS03AXPS.xlsx
ATAPL-65244-090-0031,RS03CCAL-MJ03F,SN0031,1.0,2014-07-25,08:52:00,NaN,45° 57.2898'N,130° 00.5352'W,1526.0,TN-313,NaN,NaN,NaN,Omaha_Cal_Info_RS03CCAL.xlsx
ATAPL-65244-080-0030,RS03ECAL-MJ03E,SN0030,1.0,2013-07-23,07:44:00,NaN,45° 56.3898'N,129° 58.4526'W,1517.0,TN-299,NaN,NaN,NaN,Omaha_Cal_Info_RS03ECAL.xlsx
ATAPL-65244-060-0028,RS03INT1-MJ03C,SN0028,1.0,2014-07-20,19:01:00,NaN,45° 55.5768'N,129° 58.7352'W,1521.0,TN-313,The node did not change only the instruments,NaN,NaN,Omaha_Cal_Info_RS03INT1.xlsx
ATAPL-65244-070-0029,RS03INT2-MJ03D,SN0029,1.0,2014-07-21,00:40:00,NaN,45° 55.5492'N,129° 58.6656'W,1528.0,TN-313,NaN,NaN,NaN,Omaha_Cal_Info_RS03INT2.xlsx
